{"labels_3d": [0, 0], "scores_3d": [0.4233643114566803, 0.19724977016448975], "bboxes_3d": [[4.5290021896362305, -3.2485475540161133, -1.715618371963501, 3.762394666671753, 1.559626817703247, 1.4533838033676147, 3.7389135360717773], [1.3816862106323242, 3.648533344268799, -1.5943381786346436, 3.9446544647216797, 1.5922199487686157, 1.4833182096481323, 4.360352993011475]], "box_type_3d": "LiDAR"}