{"labels_3d": [0, 0], "scores_3d": [0.19873808324337006, 0.1177845224738121], "bboxes_3d": [[2.338273763656616, 2.747559070587158, -1.704808235168457, 4.01194429397583, 1.6223347187042236, 1.4681867361068726, 3.676827907562256], [5.703705310821533, -5.727441310882568, -1.5424880981445312, 3.9557058811187744, 1.6238460540771484, 1.6787697076797485, 3.3288121223449707]], "box_type_3d": "LiDAR"}