{
  "labels_3d": [
    0,
    0,
    0,
    0,
    0,
    0,
    0,
    0,
    0,
    0,
    0,
    0,
    0,
    0,
    0,
    0,
    0,
    0,
    0,
    0,
    0,
    0,
    0,
    0,
    0,
    0,
    0,
    0,
    0,
    0,
    0,
    0,
    0,
    0,
    0,
    0,
    0,
    0,
    0,
    0,
    0,
    0,
    0,
    0,
    0,
    0,
    0
  ],
  "scores_3d": [
    0.006685988046228886,
    3.951921456746277e-09,
    0.0005441129324026406,
    2.5708772000143654e-07,
    2.810650601148268e-09,
    5.163965397514403e-05,
    0.013071146793663502,
    0.9147032499313354,
    0.6605523824691772,
    0.0019921427592635155,
    0.6126263737678528,
    0.002608338138088584,
    0.007078566122800112,
    2.1810192265547812e-05,
    9.842324288911186e-07,
    0.02226962521672249,
    7.818220183253288e-05,
    5.22751315656933e-06,
    9.498891699877277e-07,
    0.0030005034059286118,
    6.2474096012010705e-06,
    0.8814268708229065,
    0.8607432842254639,
    0.8163129091262817,
    0.004976517055183649,
    0.0033659550826996565,
    0.9049980640411377,
    2.5943583392695757e-10,
    8.0374784374726e-06,
    0.9087386131286621,
    0.6549647450447083,
    1.9657267330330797e-05,
    2.8149413992650807e-05,
    1.2644339797418525e-08,
    0.018195515498518944,
    0.5079177618026733,
    0.00011734388681361452,
    9.74741305981297e-06,
    0.019421150907874107,
    3.207310146535747e-05,
    3.157414312227047e-07,
    3.5976370327261975e-06,
    4.6189012437025667e-07,
    2.6154319595489417e-12,
    1.6425332205471932e-06,
    2.2035510915952017e-10,
    1.605543475946547e-09
  ],
  "bboxes_3d": [
    [
      66.29364776611328,
      -26.73798370361328,
      -0.9587072730064392,
      3.732057571411133,
      1.6086832284927368,
      1.6167654991149902,
      2.6969239711761475
    ],
    [
      60.339080810546875,
      -8.551756858825684,
      0.7014379501342773,
      4.174433708190918,
      1.6426405906677246,
      2.0388426780700684,
      1.0394843816757202
    ],
    [
      40.741722106933594,
      -18.358112335205078,
      -0.6969390511512756,
      3.717083215713501,
      1.59976327419281,
      1.7454174757003784,
      3.022753953933716
    ],
    [
      19.917896270751953,
      6.514118194580078,
      -0.6682174801826477,
      3.741865873336792,
      1.3659946918487549,
      1.780972957611084,
      1.1096134185791016
    ],
    [
      55.977569580078125,
      -23.149349212646484,
      -0.9281867146492004,
      4.384397506713867,
      1.7371670007705688,
      2.0370967388153076,
      -3.133615732192993
    ],
    [
      69.49779510498047,
      -12.020462036132812,
      0.9209810495376587,
      3.5802667140960693,
      1.5702321529388428,
      1.8350980281829834,
      -0.4765200614929199
    ],
    [
      29.018856048583984,
      -14.98440170288086,
      -3.786405324935913,
      4.163763046264648,
      1.6784656047821045,
      1.6371898651123047,
      -3.112251043319702
    ],
    [
      14.715789794921875,
      -1.0597320795059204,
      -1.4870293140411377,
      3.6170520782470703,
      1.5624375343322754,
      1.467170238494873,
      -0.3097691535949707
    ],
    [
      55.325801849365234,
      -20.20294189453125,
      -1.355266809463501,
      3.9049437046051025,
      1.577407956123352,
      1.5172197818756104,
      2.7241370677948
    ],
    [
      58.753089904785156,
      -16.032194137573242,
      -1.3439671993255615,
      3.888173818588257,
      1.5711371898651123,
      1.4714291095733643,
      2.501051425933838
    ],
    [
      28.749242782592773,
      -1.5064939260482788,
      -0.9360169172286987,
      3.7921509742736816,
      1.5394331216812134,
      1.41129469871521,
      -1.8955683708190918
    ],
    [
      8.15137767791748,
      -8.048856735229492,
      -1.7551685571670532,
      3.6800050735473633,
      1.5304410457611084,
      1.5684170722961426,
      -0.3671402931213379
    ],
    [
      55.854248046875,
      -9.811559677124023,
      -1.148963451385498,
      4.369963645935059,
      1.853002667427063,
      2.0485217571258545,
      1.7238961458206177
    ],
    [
      47.63091278076172,
      -17.761648178100586,
      -1.5577144622802734,
      3.9968068599700928,
      1.5916404724121094,
      1.7972803115844727,
      2.5584585666656494
    ],
    [
      41.85980224609375,
      -15.244853019714355,
      -1.1527099609375,
      4.520963668823242,
      1.5932501554489136,
      1.7713820934295654,
      2.6072466373443604
    ],
    [
      20.17339324951172,
      0.5479296445846558,
      -1.5425742864608765,
      3.6500771045684814,
      1.5327082872390747,
      1.4774372577667236,
      2.7321460247039795
    ],
    [
      54.7443733215332,
      -16.595365524291992,
      -1.2260768413543701,
      4.0545244216918945,
      1.6026674509048462,
      1.9006763696670532,
      3.020810842514038
    ],
    [
      63.33574676513672,
      -9.541753768920898,
      0.7973922491073608,
      4.081618309020996,
      1.605774164199829,
      1.9674532413482666,
      2.581059455871582
    ],
    [
      16.477731704711914,
      9.239887237548828,
      -0.716875433921814,
      3.977325201034546,
      1.4431499242782593,
      1.743889331817627,
      1.1305487155914307
    ],
    [
      52.743507385253906,
      -21.443422317504883,
      -1.2059439420700073,
      3.6995670795440674,
      1.5420563220977783,
      1.450701117515564,
      -3.1241233348846436
    ],
    [
      62.00377655029297,
      -26.239896774291992,
      -0.27189111709594727,
      4.653481483459473,
      1.933835744857788,
      2.3624439239501953,
      2.105196714401245
    ],
    [
      20.307207107543945,
      -8.533818244934082,
      -1.6994999647140503,
      2.7112741470336914,
      1.5348891019821167,
      1.5839424133300781,
      -0.33971357345581055
    ],
    [
      33.49784469604492,
      -7.07676887512207,
      -1.250568151473999,
      3.9512505531311035,
      1.64009428024292,
      1.5660400390625,
      2.837082862854004
    ],
    [
      3.764010429382324,
      2.658238410949707,
      -1.6218328475952148,
      3.694570541381836,
      1.522788405418396,
      1.40104079246521,
      -0.26471999287605286
    ],
    [
      31.89844512939453,
      -2.907151937484741,
      -1.208489179611206,
      3.620013475418091,
      1.5137367248535156,
      1.3621248006820679,
      3.0994362831115723
    ],
    [
      59.323219299316406,
      -24.98324966430664,
      -0.7909418940544128,
      3.738586664199829,
      1.558943748474121,
      1.5441951751708984,
      3.134753942489624
    ],
    [
      6.460864543914795,
      -3.837794780731201,
      -1.7331750392913818,
      3.023643732070923,
      1.4700634479522705,
      1.463552474975586,
      -0.28065967559814453
    ],
    [
      18.19441032409668,
      -11.410677909851074,
      -1.0081948041915894,
      4.144952297210693,
      1.4905977249145508,
      1.7303051948547363,
      -1.9110655784606934
    ],
    [
      38.28657531738281,
      -7.068207263946533,
      -1.1645565032958984,
      3.7851169109344482,
      1.4953105449676514,
      1.6194076538085938,
      2.6100218296051025
    ],
    [
      8.135944366455078,
      1.231152892112732,
      -1.6076679229736328,
      3.7526865005493164,
      1.5374178886413574,
      1.587766408920288,
      2.834346055984497
    ],
    [
      24.958667755126953,
      -10.269253730773926,
      -1.756345272064209,
      3.7232511043548584,
      1.6045598983764648,
      1.468416690826416,
      -0.44425296783447266
    ],
    [
      10.939959526062012,
      -3.930232048034668,
      -1.52284574508667,
      3.5308659076690674,
      1.5157339572906494,
      1.494100570678711,
      -1.0494704246520996
    ],
    [
      36.293540954589844,
      -12.26419448852539,
      -1.3162879943847656,
      3.6693735122680664,
      1.5856049060821533,
      1.4959526062011719,
      -1.0506601333618164
    ],
